S.A. Borders-Shoemaker, Blinded allegiance disallows knowledge of choosing and authenticity.
William Shakespeare, Things won are done  joy's soul lies in the doing.
Anonymous, If hard work alone led to success  the donkey would own the farm.
Hunter Hayes, The reason you would be a success is because you don’t have a backup plan.  If you didn’t create the space it would have created itself.  If you create a version of a more secure future  there may have been a disconnect from what you love.
Richard Bach, What the caterpillar calls the end of the world  the master calls a butterfly.
Friedrich Nietzsche, It is nobler to declare oneself wrong than to insist on being right - especially when one is right. 
Robert Greene, Bring pleasure by creating a positive atmosphere around your name or message. Never seem to be selling something - that would look manipulative and suspicious. Instead  let entertainment value and good feelings take centre stage  sneaking the sale through the side door.
Fyodor Dostoevsky, Existentialism isn't so atheistic that it wears itself out showing that God doesn't exist. Rather  it declares that even if God did exist  that would change nothing.
Lao Tzu, If you are depressed you are living in the past. If you are anxious you are living in the future. If you are at peace you are living in the present.
Frederick Douglass, Power concedes nothing without a demand. It never did and it never will. Find out just what any people will quietly submit to and you have found out the exact measure of injustice and wrong which will be imposed upon them  and these will continue till they are resisted with either words or blows  or with both. The limits of tyrants are prescribed by the endurance of those whom they oppress.
Epictetus, Each man's master is the man who has authority over what he wishes or does not wish  to secure the one or to take away the other. Let him then who wishes to be free not wish for anything or avoid anything that depends on others; or else he is bound to be a slave.
Epictetus, Never say of anything  'I lost it'  but say  'I gave it back'. Has your child died? It was given back. Has your wife died? She was given back. Has your estate been taken from you? Was not this also given back? But you say  'He who took it from me is wicked'. What does it matter to you through whom the Giver asked it back? As long as He gives it you  take care of it  but not as your own; treat it as passers-by treat an inn.
Epictetus, Sickness is a hindrance to the body  but not to the will  unless the will consent. Lameness is a hindrance to the leg  but not to the will. Say this to yourself at each event that happens  for you shall find that though it hinders something else it will not hinder you.
Franz Kafka, I am nothing to anyone  and that is my greatest freedom.
T. S. Eliot, Poetry is not a turning loose of emotion  but an escape from emotion; it is not the expression of personality  but an escape from personality. But  of course  only those who have personality and emotions know what it means to want to escape from these things.
Fyodor Dostoevsky, Nothing is easier than to denounce the evildoer; nothing is more difficult than to understand him
Viktor Frankl, Between stimulus and response there is a space. In that space is our power to choose our response. In our response lies our growth and our freedom.
Robert Greene, Displaying anger and emotion are signs of weakness; you cannot control yourself  so how can you control anything?
George Bernard Shaw, Beware of false knowledge; it is more dangerous than ignorance.
George Bernard Shaw, Life isn't about finding yourself. Life is about creating yourself.
Carl Jung, Unless you learn to face your own shadows  you’ll keep seeing them in others. Because the world outside is only a reflection to the world inside you.
Anonymous, Confidence is that feeling you have before you understand fully what you have gotten yourself into.
Niccolò Machiacelli, Any man who tries to be good all the time is bound to come to ruin among the great number who are not good.
Ray Bradbury, You must admit that you are lost before you can be found.
Seneca, Life is very short and anxious for those who forget the past  neglect the present  and fear the future.
Seneca, ⁠We are more often frightened than hurt; and we suffer more from imagination than from reality.
Marcus Aurelius, ⁠Be like the cliff against which the waves continually break; but it stands firm and tames the fury of the water around it.
Seneca, Let them be harassed by toil  by suffering  by losses  in order that they may gather true strength. Bodies grown fat through sloth are weak  and not only labour  but even movement and their very weight cause them to break down. Unbroken prosperity cannot withstand a single blow; but he who has struggled constantly with his ills becomes hardened through suffering; and yields to no misfortune; nay  even if he falls  he still fights upon his knees.
Epictetus, Every difficulty in life presents us with an opportunity to turn inward and to invoke our own submerged inner resources. The trials we endure can and should introduce us to our strengths...Dig deeply. You possess strengths you might not realize you have.   Find the right one.   Use it.
Steve Maraboli, Sometimes life knocks you on your ass... get up  get up  get up!!! Happiness is not the absence of problems  it's the ability to deal with them.
Franz Kafka, Don’t bend; don’t water it down; don’t try to make it logical; don’t edit your own soul according to the fashion. Rather  follow your most intense obsessions mercilessly.
Albert Camus, The only way to deal with an unfree world is to become so absolutely free that your very existence is an act of rebellion.
Robert Greene, The need for certainty is the greatest disease the mind faces. Develop the habit of suspending the need to judge everything that crosses your path. Consider and even momentarily entertain viewpoints opposite to your own  seeing how they feel. Do anything to break up your normal train of thinking and your sense that you already know the truth.
David Perlmutter, Strive for progress  not perfection.
Stephen McCranie, The master has failed more times than the beginner has tried.
Pierre-Augustin Caron de Beaumarchais, At last I have what I wanted. Am I happy? Not really. But what’s missing? My soul no longer has that piquant activity conferred by desire. … Oh  we shouldn’t delude ourselves- pleasure isn’t in the fulfillment  but in the pursuit.
Seneca, The easiest thing in the ​world —to live in accordance with his own nature. But this is turned into a hard task by the general madness of mankind; we push one another into vice. And how can a man be recalled to salvation  when he has none to restrain him  and all mankind to urge him on?
Seneca, Associate with those who will make a better man of you. Welcome those whom you yourself can improve. The process is mutual; for men learn while they teach.
Heraclitus, No man ever steps in the same river twice  for it's not the same river and he's not the same man.
Epictetus, Some things are in our control  while others are not. We control our opinion  choice  desire  aversion  and  in a word  everything of our own doing. We don’t control our body  property  reputation  position  and  in a word  everything not of our own doing. Even more  the things in our control are by nature free  unhindered  and unobstructed  while those not in our control are weak  slavish  can be hindered  and are not our own.
Christopher Hitchens, Those who are determined to be ‘offended’ will discover a provocation somewhere. We cannot possibly adjust enough to please the fanatics  and it is degrading to make the attempt.
Seneca, The wise man… lacks nothing but needs a great number of things… the fool… needs nothing… but lacks everything.
Albert Camus, In order to understand the world  one has to turn away from it on occasion.
Victor Frankl, When we are no longer able to change a situation  we are challenged to change ourselves.
Nelson Mandela, Resentment is like drinking poison and then hoping it will kill your enemies.
Aristotle, There is only one way to avoid criticism: Do nothing  say nothing and be nothing.
Sophocles, All men make mistakes  but a good man yields when he knows his course is wrong  and repairs the evil. The only crime is pride.
Voltaire, Doubt is not a pleasant condition  but certainty is absurd.
Michael Jordan, I can accept failure. Everyone fails at something. But I can’t accept not trying.
Seneca, The best plan is to reject straightaway the first incentives to anger  to resist its very beginnings  and to take care not to be betrayed into it: for if once it begins to carry us away  it is hard to get back again into a healthy condition.
Carl Sagan, One of the saddest lessons of history is this: If we’ve been bamboozled long enough  we tend to reject any evidence of the bamboozle. We’re no longer interested in finding out the truth. The bamboozle has captured us...
Friedrich Nietzsche, When we are tired  we are attacked by ideas we conquered long ago.
Alan Watts, Muddy water is best cleared by leaving it alone.
Lin-Chi, When you meet a swordsman  draw your sword. Do not recite poetry to one who is not a poet.
Anonymous, War turns good men into monsters and unleashes them upon one another.
Marcus Aurelius, Think of yourself as dead. You have lived your life. Now take what's left and live it properly.
Seneca, It is not the man who has too little  but the man who craves more  that is poor.
Peter Drucker, You can’t manage what you don’t measure
Seneca, Don't put anything off. Balance your books with life each day.
Marcus Aurelius, Stop being aimless  stop allowing fears and anger to lead you astray. Instead  focus on doing what has to be done right now willingly  with precision  seriousness  and integrity. Free yourself from distractions. You can do it  if you approach each task as if it were your last.
Ryan Holiday, Whatever happens today  let it find us prepared and active: ready for problems  ready for difficulties  ready for people to behave in disappointing or confusing ways  ready to accept and make it work for us. Let's not wish we could turn back time or remake the universe according to our preference. Not when it would be far better and far easier to remake ourselves.
Alison McCone, [...] wisdom to know the value of every person I meet  temperance to monitor my emotional turbulence  and justice for others who need understanding.
Francisco Goya, When reason sleeps  monsters are born.
Steve Magness, True Confidence Is Quiet; Insecurity Is Loud
Carl Sagan, We’ve arranged a global civilization in which the most crucial elements […] profoundly depend on science and technology. We have also arranged things so that almost no one understands science and technology. This is a prescription for disaster. [...] Sooner or later this combustible mixture of ignorance and power is going to blow up in our faces.
Fyodor Dostoyevsky, People speak sometimes about the 'bestial' cruelty of man  but that is terribly unjust and offensive to beasts  no animal could ever be so cruel as a man  so artfully  so artistically cruel.
Lin Yutang, When small men begin to cast long shadows  it means the sun is setting.
Isaac Asimov, The strain of anti-intellectualism has been a constant thread winding its way through our political and cultural life  nurtured by the false notion that democracy means that my ignorance is just as good as your knowledge.
George Bernard Shaw, People are always blaming their circumstances for what they are. I don’t believe in circumstances. The people who get on in this world are they who get up and look for the circumstances they want  and  if they can’t find them  make them.
William Kingdon Clifford, It is wrong always  everywhere  and for anyone to believe anything on insufficient evidence.
Søren Kierkegaard, Life is not a problem to be solved  but a reality to be experienced.
Seneca, Often things that appear terrible during the night  seem ridiculous in the morning.
Fyodor Dostoevsky, Pain and suffering are always inevitable for a large intelligence and a deep heart. The really great men must  I think  have great sadness on earth.
Epictetus, If a person gave away your body to some passer-by  you’d be furious. Yet you hand over your mind to anyone who comes along  so they may abuse you  leaving it disturbed and troubled — have you no shame in that?
Sitting Bull, Yet hear me  people  we have now to deal with another race – small and feeble when our fathers first met them but now great and overbearing. Strangely enough they have a mind to till the soil and the love of possession is a disease with them. These people have made many rules that the rich may break but the poor may not. They take their tithes from the poor and weak to support the rich and those who rule.
Friedrich Nietzsche, The lonely one offers his hand too quickly to whomever he encounters.
Bertrand Russell, The hardest thing to learn in life is which bridge to cross and which to burn.
Justin Welsh, Modern luxury is the ability to think clearly  sleep deeply  move slowly  and live quietly in a world designed to prevent all four.
Marcus Aurelius, Remember that we suffer more from getting angry and upset about such things than we do from the things themselves that are making us angry and upset
Friedrich Nietzsche, Whoever fights monsters should see to it that in the process he does not become a monster. And if you gaze long enough into an abyss  the abyss will gaze back into you.
Friedrich Nietzsche, Those who know they are profound strive for clarity. Those who want to seem profound strive  for obscurity.
Epicurus, Is God willing to prevent evil  but not able? Then he is not omnipotent. Is he able  but not willing? Then he is malevolent. Is he both able and willing? Then whence cometh evil? Is he neither able nor willing? Then why call him God?  
Robert G. Ingersoll, Religion supports nobody. It has to be supported. It produces no wheat  no corn; it ploughs no land; it fells no forests. It is a perpetual mendicant. It lives on the labors of others  and then has the arrogance to pretend that it supports the giver.
Franz Kafka, I was ashamed of myself when I realised life was a costume party and I attended with my real face.
Søren Kierkegaard, There are two ways to be fooled. One is to believe what isn't true; the other is to refuse to believe what is true.
Ralph Waldo Emerson, The only person you are destined to become is the person you decide to be.
William Shakespeare, Hell is empty and all the devils are here.
Ralph Waldo Emerson, Of all the ways there are to lose a person  death is the kindest.
Epictetus, These reasonings do not cohere: I am richer than you  therefore I am better than you; I am more eloquent than you  therefore I am better than you. On the contrary these rather cohere  I am richer than you  therefore my possessions are greater than yours: I am more eloquent than you  therefore my speech is superior to yours. But you are neither possession nor speech.
Epictetus, We are like actors in a play. The divine will has assigned us our roles in life without consulting us. Some of us will act in a short drama  others in a long one. We might be assigned the part of a poor person  a cripple  a distinguished celebrity or public leader  or an ordinary private citizen. Although we can't control which roles are assigned to us  it must be our business to act our given role as best as we possibly can and to refrain from complaining about it. Wherever you find yourself and in whatever circumstances  give an impeccable performance.
Epictetus, Remember that you must behave as at a banquet. Is anything brought round to you? Put out your hand  and take a moderate share. Does it pass you? Do not stop it. Is it not come yet? Do not yearn in desire towards it  but wait till it reaches you. So with regard to children  wife  office  riches; and you will some time or other be worthy to feast with the gods. And if you do not so much as take the things which are set before you  but are able even to forego them  then you will not only be worthy to feast with the gods  but to rule with them also. For  by thus doing  Diogenes and Heraclitus  and others like them  deservedly became divine  and were so recognized.
Seneca, We are not able by means of reason to escape from that first impression on the mind  any more than we can escape from those things which we have mentioned as occurring to the body: we cannot prevent other people's yawns tempting us to yawn: we cannot help winking when fingers are suddenly darted at our eyes. Reason is unable to overcome these habits  which perhaps might be weakened by practice and constant watchfulness: they differ from an emotion which is brought into existence and brought to an end by a deliberate mental act.
Epictetus, Suffering arises from trying to control what is uncontrollable  or from neglecting what is within our power.
Albert Camus, A liking for truth at any cost is a passion that spares nothing and that nothing resists. It’s a vice  at times a comfort  or a selfishness.
Mark Twain, Anger is an acid that can do more harm to the vessel in which it is stored than to anything on which it is poured.
Anonymous, Be a fountain  not a drain. Create more  consume less.
Edgar Allan Poe, The true genius shudders at incompleteness — imperfection — and usually prefers silence to saying the something  which is not everything that should be said.
Carl Gustav Jung, I am not what happened to me  I am what I choose to become.
Marcus Aurelius, Don’t let yourself forget how many doctors have died  after furrowing their brows over how many deathbeds. How many astrologers  after pompous forecasts about others’ ends. How many philosophers  after endless disquisitions on death and immortality. How many warriors  after inflicting thousands of casualties themselves. How many tyrants  after abusing the power of life and death atrociously  as if they were themselves immortal. How many whole cities have met their end: Helike  Pompeii  Herculaneum  and countless others. And all the ones you know yourself  one after another. One who laid out another for burial  and was buried himself  and then the man who buried him—all in the same short space of time. In short  know this: Human lives are brief and trivial. Yesterday a blob of semen; tomorrow embalming fluid  ash. To pass through this brief life as nature demands. To give it up without complaint. Like an olive that ripens and falls. Praising its mother  thanking the tree it grew on.
Marcus Aurelius, I have often wondered how it is that every man loves himself more than all the rest of men  but yet sets less value on his own opinion of himself than on the opinion of others.
Mark Twain, I’ve suffered a great many catastrophes in my life. Most of them never happened.
Marcus Aurelius, Never let the future disturb you. You will meet it  if you have to  with the same weapons of reason which today arm you against the present.
Francisco Goya, Imagination abandoned by reason produces impossible monsters: united with her  she is the mother of the arts and the source of her wonders.
Simon Blackburn, ...the idea being that only when we can see ourselves properly can we obtain control over the direction in which we would wish to move.
Epictetus, Externals are not in my power; choice is. Where shall I seek good and evil? Within.
Seneca, We should not  like sheep  follow the herd of creatures in front of us  making our way where others go  not where we ought to go.
Socrates, Are you not ashamed that you give your attention to acquiring as much money as possible  and similarly with reputation and honour  and give no attention or thought to truth and understanding  and the perfection of your soul?
Upton Sinclair, It is hard to get a man to understand something when his salary depends upon his not understanding it.
Friedrich Nietzsche, Examine the life of the best and most productive men and nations  and ask yourselves whether a tree which is to grow proudly skywards can dispense with bad weather and storms.   Whether misfortune and opposition  or every kind of hatred  jealousy  stubbornness  distrust  severity  greed  and violence do not belong to the favourable conditions without which a great growth even of virtue is hardly possible?
Stephen Jay Gould, I am  somehow  less interested in the weight and convolutions of Einstein's brain than in the near certainty that people of equal talent have lived and died in cotton fields and sweatshops.
Marcus Aurelius, In your actions  don't procrastinate.  In your conversations  don't confuse.  In your thoughts  don't wander.  In your soul  don't be passive or aggressive.  In your life  don't be all about business.
Socrates, The unexamined life is not worth living
Albert Einstein, Weak people revenge. Strong people forgive. Intelligent people ignore.
Abigail van Buren, People who fight fire with fire usually end up with ashes.
Sheldon Cooper, There's a tribe in Papua New Guinea where  when a hunter flaunts his success to the rest of the village  they kill him and drive away evil spirits with a drum made of his skin.  Superstitious nonsense  of course - but one can see their point.
Confucius, It does not matter how slowly you go  as long as you do not stop.
Epictetus, We ought not to accept an appearance without examination  but we should say  'Wait  let me see what you are and from where you come'  like the night-watch says  'Show me your pass.'
D.H. Lawrence, I never saw a wild thing sorry for itself. A small bird will drop frozen dead from a bough without ever having felt sorry for itself. 
Jack London, You can’t wait for inspiration. You have to go after it with a club.
Seneca, Pleasure dies at the very moment when it charms us most ... it soon cloys and wearies us  and fades away as soon as its first impulse is over.
Anne Lamott, Perfectionism is the voice of the oppressor  the enemy of the people. It will keep you cramped and insane your whole life  and it is the main obstacle between you and a shitty first draft. I think perfectionism is based on the obsessive belief that if you run carefully enough  hitting each stepping-stone just right  you won’t have to die. The truth is that you will die anyway and that a lot of people who aren’t even looking at their feet are going to do a whole lot better than you  and have a lot more fun while they’re doing it.
Wayne Dyer, If you believe it will work out  you’ll see opportunities. If you believe it won’t  you will see obstacles
Tony A. Gaskins Jr., If you don't build your dream  someone will hire you to help build theirs.
Olya Barnett, You’re so busy doubting yourself while so many others are intimidated by your potential.
John Gardner, Self-pity is easily the most destructive of the non-pharmaceutical narcotics; it is addictive  gives momentary pleasure and separates the victim from reality.
Stephen Fry, Certainly the most destructive vice if you like  that a person can have. More than pride  which is supposedly the number one of the cardinal sins - is self pity. Self pity is the worst possible emotion anyone can have. And the most destructive. It is  to slightly paraphrase what Wilde said about hatred  and I think actually hatred's a subset of self pity and not the other way around - 'It destroys everything around it  except itself '.
James Baldwin, Those who say it can't be done are usually interrupted by others doing it.
Unknown, IBM had/have a credo that a purchaser values their purchase in relation to the price they paid for it.  Keep giving someone something for nothing and that is the value they put on it.
Epicurus, Death does not concern us  because as long as we exist  death is not here. And once it does come  we no longer exist.
Matthew Kelly, The people we surround ourselves with either raise or lower our standards. They either help us to become the best version of ourselves or encourage us to become lesser versions of ourselves. We become like our friends. No man becomes great on his own. No woman becomes great on her own. The people around them help to make them great.  We all need people in our lives who raise our standards  remind us of our essential purpose  and challenge us to become the best version of ourselves.
Joseph Conrad, The danger  when not seen  has the imperfect vagueness of human thought. The fear grows shadowy; and Imagination  the enemy of men  the father of all terrors  unstimulated  sinks to rest in the dullness of exhausted emotion.
Diogenes, What beast inflicts the worst bite? Of wild beasts the sycophant  and of tame animals the flatterer.
Anonymous, What’s normal to the spider is chaos to the fly
Anonymous, In my experience  companies today want the benefits of the IBM Way—loyalty from employees who live for the company culture--without extending benefits in return.  Companies today are like the man who says he's in an open marriage but his wife doesn't know it.
David O'Regan, The external world does not impose itself upon our consciousness  we control our moods  thoughts  attitudes  and choices. So Sisyphus is free because he is in control of his moods  thoughts  attitudes and choices. Neither the gods  the rock nor the mountain determine how he feels.
Diogenes, In a rich man's house there is no place to spit but his face.
Søren Kierkegaard, Anxiety Is the Dizziness of Freedom.
Anonymous, Think of your mind like a pond full of fish and each fish is a feeling. Try to be the pond  not the fish.
Susan B. Anthony, I distrust those people who know so well what God wants them to do  because I notice it always coincides with their own desires.
Marcus Aurelius, If any external thing causes you distress  it is not the thing itself that troubles you  but your own judgment about it. And this you have the power to eliminate now.
Anonymous, A Holocaust survivor dies and is in line waiting to meet god  he finally gets to the front of the line and to lighten the mood he tells god a Holocaust joke. God says that isn’t funny and the survivor says  I guess you had to be there.
Vladimir Ilyich Lenin, There are decades where nothing happens; and there are weeks where decades happen.
Miyamoto Musashi, There is nothing outside of yourself that can ever enable you to get better  stronger  richer  quicker  or smarter. Everything is within. Everything exists. Seek nothing outside of yourself.
Marcus Aurelius, Get busy with life's purpose  toss aside empty hopes  get active in your own rescue - if you care for yourself at all - and do it while you can.
Anonymous, You either flee with the fox or hunt with the hounds.  You can't do both.
Epictetus, What is bad luck? Opinion. What are conflict  dispute  blame  accusation  irreverence  and frivolity? They are all opinions  and more than that  they are opinions that lie outside of our own reasoned choice  presented as if they were good or evil. Let a person shift their opinions only to what belongs in the field of their own choice  and I guarantee that person will have peace of mind  whatever is happening around them.
Epictetus, Keep in mind that it isn’t the one who has it in for you and takes a swipe that harms you  but rather the harm comes from your own belief about the abuse. So when someone arouses your anger  know that it’s really your own opinion fueling it. Instead  make it your first response not to be carried away by such impressions  for with time and distance self-mastery is more easily achieved.
Marcus Aurelius, You shouldn't give circumstances the power to rouse anger  for they don’t care at all.
Anonymous, Snatching defeat from the jaws of victory?
Seneca, There is no more stupefying thing than anger  nothing more bent on its own strength.  If successful  none more arrogant  if foiled  none more insane—since it’s not driven back by weariness even in defeat  when fortune removes its adversary it turns its teeth on itself.
Marcus Aurelius, Frame your thoughts like this—you are an old person  you won’t let yourself be enslaved by this any longer  no longer pulled like a puppet by every impulse  and you’ll stop complaining about your present fortune or dreading the future.
Marcus Aurelius, From Rusticus … I learned to read carefully and not be satisfied with a rough understanding of the whole  and not to agree too quickly with those who have a lot to say about something.
Voltaire, Religion began when the first scoundrel met the first fool.
Mark Twain, Sometimes I wonder if the world is being run by smart people who are putting us on or by imbeciles who really mean it.
Alan Moore, The main thing that I learned about conspiracy theory  is that conspiracy theorists believe in a conspiracy because that is more comforting. The truth of the world is that it is actually chaotic. The truth is that it is not The Iluminati  or The Jewish Banking Conspiracy  or the Gray Alien Theory.  The truth is far more frightening - Nobody is in control.  The world is rudderless
Christopher Hitchens, When the Washington Post telephoned me at home on Valentine's Day 1989 to ask my opinion about the Ayatollah Khomeini's fatwah  I felt at once that here was something that completely committed me. It was  if I can phrase it like this  a matter of everything I hated versus everything I loved. In the hate column: dictatorship  religion  stupidity  demagogy  censorship  bullying  and intimidation. In the love column: literature  irony  humor  the individual  and the defense of free expression. Plus  of course  friendship—though I like to think that my reaction would have been the same if I hadn't known Salman at all.
Scott D. Weitzenhoffer, Debating creationists on the topic of evolution is rather like trying to play chess with a pigeon; it knocks the pieces over  craps on the board  and flies back to its flock to claim victory.
John Kenneth Galbraith, The modern conservative is engaged in one of man's oldest exercises in moral philosophy; that is  the search for a superior moral justification for selfishness.
Anonymous, Only people with full bellies and time to spare have time to be offended about things that don’t affect them.
Anonymous, There are more knives out and backs being stabbed than in a bordello in Caracas on a Saturday night.
Anonymous, The world needs neither kings nor gods. Nor little men who claims to serve them.
Terry Pratchett, The intelligence of the creature known as a crowd  is the square root of the number of people in it.
Søren Kierkegaard, People demand freedom of speech as a compensation for the freedom of thought which they seldom use.
Anonymous, The universe is indifferent. There are no checks and balances. No rewards for good deeds outside of what society doles.  Moralistic behavior benefits the group and sometimes the individual.  Self-interested behavior benefits the individual always and rarely the group.  That's it.
Seneca, It is the mark of a great mind to rise above insults; the most humiliating kind of revenge is to treat your adversary as not worth taking revenge upon. Many have taken slight injuries too deeply to heart in the course of punishing them.   The great and noble are those who  like a lordly beast  listen unmoved to the barking of little dogs.
Ricky Gervais, When you are dead  you do not know you are dead. It's only painful & difficult for others. The same applies when you are stupid.
Bill Bailey, Well  that was a long walk down a windy beach to a cafe that was closed.
Unknown, Completely unencumbered by forethought  insight  knowledge or skills. Magnificent!
George Bernard Shaw, The people who get on in this world are the people who get up and look for the circumstances they want and if they can't find them  make them.
Seneca, Slavery resides under marble and gold
Barry Switzer, Some people are born on third base and go through life thinking they hit a triple.
Anonymous, We have a saying in germany  primarily it's about Nazis but it goes well with extremism in general.  There are three things that are not possible at once: intelligence  decency and extremism.  1. you can be decent and an extremist  then you're not intelligent. 2. you can be intelligent and an extremist  then you're not decent. 3. you can be decent and intelligent  then you're not an extremist.
Seneca, I was shipwrecked before I even boarded . . . the journey showed me this—how much of what we have is unnecessary  and how easily we can decide to rid ourselves of these things whenever it’s necessary  never suffering the loss.
Seneca, When you see someone often flashing their rank or position  or someone whose name is often bandied about in public  don’t be envious; such things are bought at the expense of life. . . . Some die on the first rungs of the ladder of success  others before they can reach the top  and the few that make it to the top of their ambition through a thousand indignities realize at the end it’s only for an inscription on their gravestone.
du Vair, I find that most of the time we envy others for their wealth  honor  and privilege; but if someone were to say to us  'You can have the same amount that they have for the same price ' we would not want it. For in order to have these things that they do  we must flatter  we must endure insult and injury  we must give up our freedoms.
Seneca, If you set a high value on liberty  you must set a low value on everything else.
Charles Bukowski, The problem with the world is that the intelligent people are full of doubts  while the stupid ones are full of confidence. The whole problem with the world is that fools and fanatics are always so certain of themselves  but wiser people so full of doubts.
Ryan Holiday, Dont get upset. Do the right thing.
Marcus Aurelius, These are the characteristics of the rational soul: self-awareness  self-examination  and self-determination. It reaps its own harvest. . . . It succeeds in its own purpose . . .
Epictetus, ...freedom isn’t secured by filling up on your heart's desire  but by removing your desire.
Marcus Aurelius, Everything we hear is an opinion  not a fact. Everything we see is a perspective  not the truth.
Keith Caserta, Worry is the interest you pay on a debt you may not owe.
Jodi Picoult, Anxiety's like a rocking chair. It gives you something to do  but it doesn't get you very far
